{"cameraMode":{"drawMode":0,"name":"Shaded","section":"Shading Mode"},"sceneLighting":true,"audioPlay":false,"sceneViewState":{"showFog":true,"showMaterialUpdate":true,"showSkybox":true,"showFlares":true,"showImageEffects":true,"showParticleSystems":true},"in2DMode":false,"pivot":{"x":20.639787673950197,"y":-21.490129470825197,"z":-23.48531723022461},"rotation":{"x":0.10451434552669525,"y":0.8932133316993713,"z":-0.2736717164516449,"w":0.34111288189888},"size":28.921974182128908,"orthographic":false}