{"cameraMode":{"drawMode":0,"name":"Shaded","section":"Shading Mode"},"sceneLighting":true,"audioPlay":false,"sceneViewState":{"showFog":false,"showMaterialUpdate":false,"showSkybox":true,"showFlares":false,"showImageEffects":false,"showParticleSystems":false},"in2DMode":false,"pivot":{"x":677.0689697265625,"y":399.8726806640625,"z":-584.2466430664063},"rotation":{"x":0.00009491875971434638,"y":0.9997940063476563,"z":-0.01980813778936863,"w":0.00479977298527956},"size":643.0615234375,"orthographic":false}