{"cameraMode":{"drawMode":0,"name":"Shaded","section":"Shading Mode"},"sceneLighting":true,"audioPlay":false,"sceneViewState":{"showFog":true,"showMaterialUpdate":true,"showSkybox":true,"showFlares":true,"showImageEffects":true,"showParticleSystems":true},"in2DMode":false,"pivot":{"x":12.34751033782959,"y":-17.08321762084961,"z":-23.498502731323243},"rotation":{"x":0.30465739965438845,"y":0.48580053448677065,"z":-0.1884566694498062,"w":0.797320544719696},"size":0.8635579943656921,"orthographic":false}